selection1_name,selection1_url
GIRLCUM Numerous Intense Creamy Orgasms For Tight Asian Pussy,https://www.pornhub.com/view_video.php?viewkey=ph5f7f5ecc78ecc
"Step Sis ""You'd probably cum in your pants just from looking at us"" S17:E9",https://www.pornhub.com/view_video.php?viewkey=ph6049a81b2e576
FAKEhub Japanese Babe Rae Lil Black Repeatedly Fucked,https://www.pornhub.com/view_video.php?viewkey=ph5f4f6f8eb032f
Hubby Watching his Asian Hotwife Kalina Ryu Fuck His Friend,https://www.pornhub.com/view_video.php?viewkey=ph5d3f71cc02d0f
WET TEEN IS CRAVING A DICK IN HER ASS DURING PIANO LESSONS IN QUARANTINE,https://www.pornhub.com/view_video.php?viewkey=ph5e99931933343
ASMR Throat Pounding Blowjob! Suck Dick Rough Cum Down Throat! Shantel Dee,https://www.pornhub.com/view_video.php?viewkey=ph5e9718d2a6576
ScamAngels - Ember Snow And Jade Kush Petite Asian Sluts Ride A Huge Cock Outdoors,https://www.pornhub.com/view_video.php?viewkey=ph604f7e184549e
Reverse cuckold he fuck a asian and she watch it,https://www.pornhub.com/view_video.php?viewkey=ph5ec208b7e9cf5
キュートな髪の色白マンコと生の素股。 最後にパンツにたっぷり射精,https://www.pornhub.com/view_video.php?viewkey=ph604f3da6ce18f
POVD Petite Asian Filled Up With Oozing Creampie,https://www.pornhub.com/view_video.php?viewkey=ph5e13afe64e2a3
Tight Asian Student Tina Needed Help With School Funding,https://www.pornhub.com/view_video.php?viewkey=ph6067c9590ea9b
"Step Sisters BFF ""Please don't tell anyone, we'll do anything"" S16:E9",https://www.pornhub.com/view_video.php?viewkey=ph60622c02796cf
"Swap Sis ""I'm petite, I have the tightest pussy! Let me prove it"" S1:E8",https://www.pornhub.com/view_video.php?viewkey=ph5fb6a5797a557
I've Missed You While You Were Gone Vivienne - TokyoDiary,https://www.pornhub.com/view_video.php?viewkey=ph6079e07ecc42f
Finding Out My Friend Is Actually A Girl,https://www.pornhub.com/view_video.php?viewkey=ph5ff7a7864b57e
I PROMISE IT'S A PORN VIDEO - LUNA'S JOURNEY (EPISODE 8),https://www.pornhub.com/view_video.php?viewkey=ph5f3e74fcb6d8c
Pinay Babe Unexpected Fuck By Her Home Service Masseur Therapist- Pinay kinantot ng husto,https://www.pornhub.com/view_video.php?viewkey=ph606e78c1922a3
This time I did Get Caught Humping my Pillow,https://www.pornhub.com/view_video.php?viewkey=ph5f7379a405b9f
Fuck super japanese slut on the bus,https://www.pornhub.com/view_video.php?viewkey=ph5bd8974e0fb85
LOVELY SEX DURING OUR ROAD TRIP IN MEXICO - LUNA'S JOURNEY (EPISODE 14),https://www.pornhub.com/view_video.php?viewkey=ph6078da16523de
My friend make me organism in public cafe by using remote control toy - LUST2,https://www.pornhub.com/view_video.php?viewkey=ph5fe457680f76a
Reunion Episode #1,https://www.pornhub.com/view_video.php?viewkey=ph5f6a4a3dbfc09
KOREAN MOVIE 3,https://www.pornhub.com/view_video.php?viewkey=ph5e94aa376fe3c
Fuck my pretty Chinese roommate when I caught her masturbating with pillows 玩偶姐姐,https://www.pornhub.com/view_video.php?viewkey=ph5ff275fc6800d
Announcement but still a short porn clip I promise 玩偶姐姐,https://www.pornhub.com/view_video.php?viewkey=ph6048510c91e77
MOVING TO MEXICO - LUNA'S JOURNEY (EPISODE 13),https://www.pornhub.com/view_video.php?viewkey=ph6061e930b7838
SHE RIDES IT LIKE A BO$$ - LUNA'S JOURNEY (EPISODE 11),https://www.pornhub.com/view_video.php?viewkey=ph600b6a5423dbc
We met & fucked 5 minutes later ft. Kendra spade & Autumn Falls,https://www.pornhub.com/view_video.php?viewkey=ph5e6b42a22c6f3
ty Sis - Boned Then ed By My Big Step Sister S9:E12,https://www.pornhub.com/view_video.php?viewkey=ph5d1978dac81ef
Hot Asian MILF Sharon Lee Fucks To Get A Room,https://www.pornhub.com/view_video.php?viewkey=ph60250952813b0
Fake Hostel asian Au Pair Rae Lil Black fucked hard by MILF and husba,https://www.pornhub.com/view_video.php?viewkey=ph5e6760d362abe
JAV star Eimi Fukada real Japanese dentist office risky sex,https://www.pornhub.com/view_video.php?viewkey=ph5e5ec408e8627
GIRLCUM Numerous Intense Creamy Orgasms For Tight Asian Pussy,https://www.pornhub.com/view_video.php?viewkey=ph5f7f5ecc78ecc
"Step Sis ""You'd probably cum in your pants just from looking at us"" S17:E9",https://www.pornhub.com/view_video.php?viewkey=ph6049a81b2e576
FAKEhub Japanese Babe Rae Lil Black Repeatedly Fucked,https://www.pornhub.com/view_video.php?viewkey=ph5f4f6f8eb032f
Hubby Watching his Asian Hotwife Kalina Ryu Fuck His Friend,https://www.pornhub.com/view_video.php?viewkey=ph5d3f71cc02d0f
WET TEEN IS CRAVING A DICK IN HER ASS DURING PIANO LESSONS IN QUARANTINE,https://www.pornhub.com/view_video.php?viewkey=ph5e99931933343
ASMR Throat Pounding Blowjob! Suck Dick Rough Cum Down Throat! Shantel Dee,https://www.pornhub.com/view_video.php?viewkey=ph5e9718d2a6576
ScamAngels - Ember Snow And Jade Kush Petite Asian Sluts Ride A Huge Cock Outdoors,https://www.pornhub.com/view_video.php?viewkey=ph604f7e184549e
Reverse cuckold he fuck a asian and she watch it,https://www.pornhub.com/view_video.php?viewkey=ph5ec208b7e9cf5
キュートな髪の色白マンコと生の素股。 最後にパンツにたっぷり射精,https://www.pornhub.com/view_video.php?viewkey=ph604f3da6ce18f
POVD Petite Asian Filled Up With Oozing Creampie,https://www.pornhub.com/view_video.php?viewkey=ph5e13afe64e2a3
Tight Asian Student Tina Needed Help With School Funding,https://www.pornhub.com/view_video.php?viewkey=ph6067c9590ea9b
"Step Sisters BFF ""Please don't tell anyone, we'll do anything"" S16:E9",https://www.pornhub.com/view_video.php?viewkey=ph60622c02796cf
"Swap Sis ""I'm petite, I have the tightest pussy! Let me prove it"" S1:E8",https://www.pornhub.com/view_video.php?viewkey=ph5fb6a5797a557
I've Missed You While You Were Gone Vivienne - TokyoDiary,https://www.pornhub.com/view_video.php?viewkey=ph6079e07ecc42f
Finding Out My Friend Is Actually A Girl,https://www.pornhub.com/view_video.php?viewkey=ph5ff7a7864b57e
I PROMISE IT'S A PORN VIDEO - LUNA'S JOURNEY (EPISODE 8),https://www.pornhub.com/view_video.php?viewkey=ph5f3e74fcb6d8c
Pinay Babe Unexpected Fuck By Her Home Service Masseur Therapist- Pinay kinantot ng husto,https://www.pornhub.com/view_video.php?viewkey=ph606e78c1922a3
This time I did Get Caught Humping my Pillow,https://www.pornhub.com/view_video.php?viewkey=ph5f7379a405b9f
Fuck super japanese slut on the bus,https://www.pornhub.com/view_video.php?viewkey=ph5bd8974e0fb85
LOVELY SEX DURING OUR ROAD TRIP IN MEXICO - LUNA'S JOURNEY (EPISODE 14),https://www.pornhub.com/view_video.php?viewkey=ph6078da16523de
My friend make me organism in public cafe by using remote control toy - LUST2,https://www.pornhub.com/view_video.php?viewkey=ph5fe457680f76a
Reunion Episode #1,https://www.pornhub.com/view_video.php?viewkey=ph5f6a4a3dbfc09
KOREAN MOVIE 3,https://www.pornhub.com/view_video.php?viewkey=ph5e94aa376fe3c
Fuck my pretty Chinese roommate when I caught her masturbating with pillows 玩偶姐姐,https://www.pornhub.com/view_video.php?viewkey=ph5ff275fc6800d
Announcement but still a short porn clip I promise 玩偶姐姐,https://www.pornhub.com/view_video.php?viewkey=ph6048510c91e77
MOVING TO MEXICO - LUNA'S JOURNEY (EPISODE 13),https://www.pornhub.com/view_video.php?viewkey=ph6061e930b7838
SHE RIDES IT LIKE A BO$$ - LUNA'S JOURNEY (EPISODE 11),https://www.pornhub.com/view_video.php?viewkey=ph600b6a5423dbc
We met & fucked 5 minutes later ft. Kendra spade & Autumn Falls,https://www.pornhub.com/view_video.php?viewkey=ph5e6b42a22c6f3
ty Sis - Boned Then ed By My Big Step Sister S9:E12,https://www.pornhub.com/view_video.php?viewkey=ph5d1978dac81ef
Hot Asian MILF Sharon Lee Fucks To Get A Room,https://www.pornhub.com/view_video.php?viewkey=ph60250952813b0
Fake Hostel asian Au Pair Rae Lil Black fucked hard by MILF and husba,https://www.pornhub.com/view_video.php?viewkey=ph5e6760d362abe
JAV star Eimi Fukada real Japanese dentist office risky sex,https://www.pornhub.com/view_video.php?viewkey=ph5e5ec408e8627
Public beach sex with teen asain American,https://www.pornhub.com/view_video.php?viewkey=ph5f1d21158ebbf
Latika Jha - LJ_001 - Naughty Amateur Indian Fucking a Tinder Guy / HOT,https://www.pornhub.com/view_video.php?viewkey=ph5ec9596ae9414
HardX - Vina Sky Squirts While Getting Pounded,https://www.pornhub.com/view_video.php?viewkey=ph5e71245e45190
"MILF washes in the shower, before sex. HD",https://www.pornhub.com/view_video.php?viewkey=ph5db8c46faa447
ДРУГ ТРАХАЕТ СВОДНУЮ СЕСТРУ,https://www.pornhub.com/view_video.php?viewkey=ph5dcae1bc56238
Asian college girl takes a study break,https://www.pornhub.com/view_video.php?viewkey=ph5ecbf95fbd148
JKのパンツの香りを楽しみながら手コキとフェラで大量射精しました,https://www.pornhub.com/view_video.php?viewkey=ph608402d7bbc14
Two Asian Stepsisters Learn To Share More Than A Bed,https://www.pornhub.com/view_video.php?viewkey=ph5cd31b0635edf
FULL SCENE! ANAL4K Japanese Vina Sky Enjoys Multiple Leaking Creampies,https://www.pornhub.com/view_video.php?viewkey=ph607db24c11d8f
Horny Asian Amateur Teen RAE LIL BLACK Used Like A Fucktoy,https://www.pornhub.com/view_video.php?viewkey=ph603a538193264
Hotwife,https://www.pornhub.com/view_video.php?viewkey=ph5d75cd4124cda
Azur lane Takao Cosplay race queen costume with shiny black pantyhose cum for three times,https://www.pornhub.com/view_video.php?viewkey=ph6014a852cbc99
busty asian college chick fucked til she cums,https://www.pornhub.com/view_video.php?viewkey=ph5ca8f60e3e780
Huge cumshot compilation - So much cum! What does he eat?,https://www.pornhub.com/view_video.php?viewkey=ph5ef2befd17e3c
A bitch from China is fucking with her step-brother. Pov,https://www.pornhub.com/view_video.php?viewkey=ph5e0f2d9f66377
ASIAN TEEN FUCKED AND SWOLLOWING CUM,https://www.pornhub.com/view_video.php?viewkey=ph5f985d9641209
"Japanese honey, Tomoyo Isumi rides dick, uncensored",https://www.pornhub.com/view_video.php?viewkey=ph5e90c13d56d72
Inseminate Me - Meana Wolf,https://www.pornhub.com/view_video.php?viewkey=ph5fee6b0a17f9a
Schoolgirl fucked and creampied standing against the window in empty classroom,https://www.pornhub.com/view_video.php?viewkey=ph5fc7186695740
Horny Nepali Girl riding - SluttyNepali fucks,https://www.pornhub.com/view_video.php?viewkey=ph6067231a2043f
Japanese Lips and Cock Vol 49,https://www.pornhub.com/view_video.php?viewkey=ph5fed498d604da
"Japanese gals, Maria and Yui had a foursome, uncensored",https://www.pornhub.com/view_video.php?viewkey=ph5e7bb519a6201
フォロワー数増やしたい女は大体セックスできる。,https://www.pornhub.com/view_video.php?viewkey=ph5f3bb0dcf2f3d
Japanese babe has a threesome in the teacher's lounge!,https://www.pornhub.com/view_video.php?viewkey=ph5fb41969a1b7f
BadMilfs - Asian Mom and Stepdaughter share white cock,https://www.pornhub.com/view_video.php?viewkey=ph5c757613588c4
Creampied In Both Holes After Akari Asagiri´s Threesome,https://www.pornhub.com/view_video.php?viewkey=ph6003c11b34124
"Real passionate sex of a beautiful couple in kitchen, cumshot inside",https://www.pornhub.com/view_video.php?viewkey=ph5f6c83290faf8
Two Couples Fuck together on the bed,https://www.pornhub.com/view_video.php?viewkey=ph603b4787c856c
FULL SCENE!! Korean WebCam Amateur Hottie Honey Moon Gets Smashed in Venice! x Jay Bank Presents,https://www.pornhub.com/view_video.php?viewkey=ph5fdd69678adca
Asian girl inpijama unicorn got cum in her mouth,https://www.pornhub.com/view_video.php?viewkey=ph5fda5504be840
Skinny Pretty Chinese Maid Loves Gentle Fuck,https://www.pornhub.com/view_video.php?viewkey=ph5fc0d15e8cfe8
Nursing Assistant In Back Pants,https://www.pornhub.com/view_video.php?viewkey=ph5c97fd8be6543
(p2) PINAY SEX SCANDAL ANG GF ni insan na maputi at napakalibog,https://www.pornhub.com/view_video.php?viewkey=ph5eafe16f9befc
Bribed By My Friends Hot stepmom Joslyn Jane,https://www.pornhub.com/view_video.php?viewkey=ph5eddeb1728dd2
"Japanese girl, in China dress ,public bukkake...Hentai",https://www.pornhub.com/view_video.php?viewkey=ph5fe7e1b9171a8
Chinese Asian June Liu Creampie - SpicyGum Fucks American Guy in Paris x Jay Bank Presents,https://www.pornhub.com/view_video.php?viewkey=ph5fe65c9675b3e
東北某大學英語老師 李然然自拍流出 極品尤物黑絲高跟後入 沙發女上位搖晃啪啪,https://www.pornhub.com/view_video.php?viewkey=ph5dcae53f41e9b
Early morning ride with a horny Nepali guy - share me your fantasy in the comments,https://www.pornhub.com/view_video.php?viewkey=ph60347ac8cccd0
Nepali Girl playing with herself- SluttyNepali wait for part 2 - where I get fucked in both holes,https://www.pornhub.com/view_video.php?viewkey=ph60328c01175c6
"Japanese secretary, Aihara Miho needs sex, uncensored",https://www.pornhub.com/view_video.php?viewkey=ph5e79130295759
मलाई चिक्ने हो? Nepali Girl touching herself - SluttyNepali,https://www.pornhub.com/view_video.php?viewkey=ph5fd35013a3a8c
Japanese fuck in the train,https://www.pornhub.com/view_video.php?viewkey=ph5e7b775402f05
Step sister washed a member and fucked him - Amateur with sister. POV 4K,https://www.pornhub.com/view_video.php?viewkey=ph5deb73b93b638
3SOME Fucking two asian girls playing PS4 (Andy Savage),https://www.pornhub.com/view_video.php?viewkey=ph605beedb0014a
Public beach sex with teen asain American,https://www.pornhub.com/view_video.php?viewkey=ph5f1d21158ebbf
Latika Jha - LJ_001 - Naughty Amateur Indian Fucking a Tinder Guy / HOT,https://www.pornhub.com/view_video.php?viewkey=ph5ec9596ae9414
HardX - Vina Sky Squirts While Getting Pounded,https://www.pornhub.com/view_video.php?viewkey=ph5e71245e45190
"MILF washes in the shower, before sex. HD",https://www.pornhub.com/view_video.php?viewkey=ph5db8c46faa447
ДРУГ ТРАХАЕТ СВОДНУЮ СЕСТРУ,https://www.pornhub.com/view_video.php?viewkey=ph5dcae1bc56238
Asian college girl takes a study break,https://www.pornhub.com/view_video.php?viewkey=ph5ecbf95fbd148
JKのパンツの香りを楽しみながら手コキとフェラで大量射精しました,https://www.pornhub.com/view_video.php?viewkey=ph608402d7bbc14
Two Asian Stepsisters Learn To Share More Than A Bed,https://www.pornhub.com/view_video.php?viewkey=ph5cd31b0635edf
FULL SCENE! ANAL4K Japanese Vina Sky Enjoys Multiple Leaking Creampies,https://www.pornhub.com/view_video.php?viewkey=ph607db24c11d8f
Horny Asian Amateur Teen RAE LIL BLACK Used Like A Fucktoy,https://www.pornhub.com/view_video.php?viewkey=ph603a538193264
Hotwife,https://www.pornhub.com/view_video.php?viewkey=ph5d75cd4124cda
Azur lane Takao Cosplay race queen costume with shiny black pantyhose cum for three times,https://www.pornhub.com/view_video.php?viewkey=ph6014a852cbc99
busty asian college chick fucked til she cums,https://www.pornhub.com/view_video.php?viewkey=ph5ca8f60e3e780
Huge cumshot compilation - So much cum! What does he eat?,https://www.pornhub.com/view_video.php?viewkey=ph5ef2befd17e3c
A bitch from China is fucking with her step-brother. Pov,https://www.pornhub.com/view_video.php?viewkey=ph5e0f2d9f66377
ASIAN TEEN FUCKED AND SWOLLOWING CUM,https://www.pornhub.com/view_video.php?viewkey=ph5f985d9641209
"Japanese honey, Tomoyo Isumi rides dick, uncensored",https://www.pornhub.com/view_video.php?viewkey=ph5e90c13d56d72
Inseminate Me - Meana Wolf,https://www.pornhub.com/view_video.php?viewkey=ph5fee6b0a17f9a
Schoolgirl fucked and creampied standing against the window in empty classroom,https://www.pornhub.com/view_video.php?viewkey=ph5fc7186695740
Horny Nepali Girl riding - SluttyNepali fucks,https://www.pornhub.com/view_video.php?viewkey=ph6067231a2043f
Japanese Lips and Cock Vol 49,https://www.pornhub.com/view_video.php?viewkey=ph5fed498d604da
"Japanese gals, Maria and Yui had a foursome, uncensored",https://www.pornhub.com/view_video.php?viewkey=ph5e7bb519a6201
フォロワー数増やしたい女は大体セックスできる。,https://www.pornhub.com/view_video.php?viewkey=ph5f3bb0dcf2f3d
Japanese babe has a threesome in the teacher's lounge!,https://www.pornhub.com/view_video.php?viewkey=ph5fb41969a1b7f
BadMilfs - Asian Mom and Stepdaughter share white cock,https://www.pornhub.com/view_video.php?viewkey=ph5c757613588c4
Creampied In Both Holes After Akari Asagiri´s Threesome,https://www.pornhub.com/view_video.php?viewkey=ph6003c11b34124
"Real passionate sex of a beautiful couple in kitchen, cumshot inside",https://www.pornhub.com/view_video.php?viewkey=ph5f6c83290faf8
Two Couples Fuck together on the bed,https://www.pornhub.com/view_video.php?viewkey=ph603b4787c856c
FULL SCENE!! Korean WebCam Amateur Hottie Honey Moon Gets Smashed in Venice! x Jay Bank Presents,https://www.pornhub.com/view_video.php?viewkey=ph5fdd69678adca
Asian girl inpijama unicorn got cum in her mouth,https://www.pornhub.com/view_video.php?viewkey=ph5fda5504be840
Skinny Pretty Chinese Maid Loves Gentle Fuck,https://www.pornhub.com/view_video.php?viewkey=ph5fc0d15e8cfe8
Nursing Assistant In Back Pants,https://www.pornhub.com/view_video.php?viewkey=ph5c97fd8be6543
(p2) PINAY SEX SCANDAL ANG GF ni insan na maputi at napakalibog,https://www.pornhub.com/view_video.php?viewkey=ph5eafe16f9befc
Bribed By My Friends Hot stepmom Joslyn Jane,https://www.pornhub.com/view_video.php?viewkey=ph5eddeb1728dd2
"Japanese girl, in China dress ,public bukkake...Hentai",https://www.pornhub.com/view_video.php?viewkey=ph5fe7e1b9171a8
Chinese Asian June Liu Creampie - SpicyGum Fucks American Guy in Paris x Jay Bank Presents,https://www.pornhub.com/view_video.php?viewkey=ph5fe65c9675b3e
東北某大學英語老師 李然然自拍流出 極品尤物黑絲高跟後入 沙發女上位搖晃啪啪,https://www.pornhub.com/view_video.php?viewkey=ph5dcae53f41e9b
Early morning ride with a horny Nepali guy - share me your fantasy in the comments,https://www.pornhub.com/view_video.php?viewkey=ph60347ac8cccd0
Nepali Girl playing with herself- SluttyNepali wait for part 2 - where I get fucked in both holes,https://www.pornhub.com/view_video.php?viewkey=ph60328c01175c6
"Japanese secretary, Aihara Miho needs sex, uncensored",https://www.pornhub.com/view_video.php?viewkey=ph5e79130295759
मलाई चिक्ने हो? Nepali Girl touching herself - SluttyNepali,https://www.pornhub.com/view_video.php?viewkey=ph5fd35013a3a8c
Japanese fuck in the train,https://www.pornhub.com/view_video.php?viewkey=ph5e7b775402f05
Step sister washed a member and fucked him - Amateur with sister. POV 4K,https://www.pornhub.com/view_video.php?viewkey=ph5deb73b93b638
3SOME Fucking two asian girls playing PS4 (Andy Savage),https://www.pornhub.com/view_video.php?viewkey=ph605beedb0014a