selection1_name,
GIRLCUM Numerous Intense Creamy Orgasms For Tight Asian Pussy,
"Step Sis ""You'd probably cum in your pants just from looking at us"" S17:E9",
FAKEhub Japanese Babe Rae Lil Black Repeatedly Fucked,
Hubby Watching his Asian Hotwife Kalina Ryu Fuck His Friend,
WET TEEN IS CRAVING A DICK IN HER ASS DURING PIANO LESSONS IN QUARANTINE,
ASMR Throat Pounding Blowjob! Suck Dick Rough Cum Down Throat! Shantel Dee,
ScamAngels - Ember Snow And Jade Kush Petite Asian Sluts Ride A Huge Cock Outdoors,
Reverse cuckold he fuck a asian and she watch it,
キュートな髪の色白マンコと生の素股。 最後にパンツにたっぷり射精,
POVD Petite Asian Filled Up With Oozing Creampie,
Tight Asian Student Tina Needed Help With School Funding,
"Step Sisters BFF ""Please don't tell anyone, we'll do anything"" S16:E9",
"Swap Sis ""I'm petite, I have the tightest pussy! Let me prove it"" S1:E8",
I've Missed You While You Were Gone Vivienne - TokyoDiary,
Finding Out My Friend Is Actually A Girl,
I PROMISE IT'S A PORN VIDEO - LUNA'S JOURNEY (EPISODE 8),
Pinay Babe Unexpected Fuck By Her Home Service Masseur Therapist- Pinay kinantot ng husto,
This time I did Get Caught Humping my Pillow,
Fuck super japanese slut on the bus,
LOVELY SEX DURING OUR ROAD TRIP IN MEXICO - LUNA'S JOURNEY (EPISODE 14),
My friend make me organism in public cafe by using remote control toy - LUST2,
Reunion Episode #1,
KOREAN MOVIE 3,
Fuck my pretty Chinese roommate when I caught her masturbating with pillows 玩偶姐姐,
Announcement but still a short porn clip I promise 玩偶姐姐,
MOVING TO MEXICO - LUNA'S JOURNEY (EPISODE 13),
SHE RIDES IT LIKE A BO$$ - LUNA'S JOURNEY (EPISODE 11),
We met & fucked 5 minutes later ft. Kendra spade & Autumn Falls,
ty Sis - Boned Then ed By My Big Step Sister S9:E12,
Hot Asian MILF Sharon Lee Fucks To Get A Room,
Fake Hostel asian Au Pair Rae Lil Black fucked hard by MILF and husba,
JAV star Eimi Fukada real Japanese dentist office risky sex,
GIRLCUM Numerous Intense Creamy Orgasms For Tight Asian Pussy,
"Step Sis ""You'd probably cum in your pants just from looking at us"" S17:E9",
FAKEhub Japanese Babe Rae Lil Black Repeatedly Fucked,
Hubby Watching his Asian Hotwife Kalina Ryu Fuck His Friend,
WET TEEN IS CRAVING A DICK IN HER ASS DURING PIANO LESSONS IN QUARANTINE,
ASMR Throat Pounding Blowjob! Suck Dick Rough Cum Down Throat! Shantel Dee,
ScamAngels - Ember Snow And Jade Kush Petite Asian Sluts Ride A Huge Cock Outdoors,
Reverse cuckold he fuck a asian and she watch it,
キュートな髪の色白マンコと生の素股。 最後にパンツにたっぷり射精,
POVD Petite Asian Filled Up With Oozing Creampie,
Tight Asian Student Tina Needed Help With School Funding,
"Step Sisters BFF ""Please don't tell anyone, we'll do anything"" S16:E9",
"Swap Sis ""I'm petite, I have the tightest pussy! Let me prove it"" S1:E8",
I've Missed You While You Were Gone Vivienne - TokyoDiary,
Finding Out My Friend Is Actually A Girl,
I PROMISE IT'S A PORN VIDEO - LUNA'S JOURNEY (EPISODE 8),
Pinay Babe Unexpected Fuck By Her Home Service Masseur Therapist- Pinay kinantot ng husto,
This time I did Get Caught Humping my Pillow,
Fuck super japanese slut on the bus,
LOVELY SEX DURING OUR ROAD TRIP IN MEXICO - LUNA'S JOURNEY (EPISODE 14),
My friend make me organism in public cafe by using remote control toy - LUST2,
Reunion Episode #1,
KOREAN MOVIE 3,
Fuck my pretty Chinese roommate when I caught her masturbating with pillows 玩偶姐姐,
Announcement but still a short porn clip I promise 玩偶姐姐,
MOVING TO MEXICO - LUNA'S JOURNEY (EPISODE 13),
SHE RIDES IT LIKE A BO$$ - LUNA'S JOURNEY (EPISODE 11),
We met & fucked 5 minutes later ft. Kendra spade & Autumn Falls,
ty Sis - Boned Then ed By My Big Step Sister S9:E12,
Hot Asian MILF Sharon Lee Fucks To Get A Room,
Fake Hostel asian Au Pair Rae Lil Black fucked hard by MILF and husba,
JAV star Eimi Fukada real Japanese dentist office risky sex,
Public beach sex with teen asain American,
Latika Jha - LJ_001 - Naughty Amateur Indian Fucking a Tinder Guy / HOT,
HardX - Vina Sky Squirts While Getting Pounded,
"MILF washes in the shower, before sex. HD",
ДРУГ ТРАХАЕТ СВОДНУЮ СЕСТРУ,
Asian college girl takes a study break,
JKのパンツの香りを楽しみながら手コキとフェラで大量射精しました,
Two Asian Stepsisters Learn To Share More Than A Bed,
FULL SCENE! ANAL4K Japanese Vina Sky Enjoys Multiple Leaking Creampies,
Horny Asian Amateur Teen RAE LIL BLACK Used Like A Fucktoy,
Hotwife,
Azur lane Takao Cosplay race queen costume with shiny black pantyhose cum for three times,
busty asian college chick fucked til she cums,
Huge cumshot compilation - So much cum! What does he eat?,
A bitch from China is fucking with her step-brother. Pov,
ASIAN TEEN FUCKED AND SWOLLOWING CUM,
"Japanese honey, Tomoyo Isumi rides dick, uncensored",
Inseminate Me - Meana Wolf,
Schoolgirl fucked and creampied standing against the window in empty classroom,
Horny Nepali Girl riding - SluttyNepali fucks,
Japanese Lips and Cock Vol 49,
"Japanese gals, Maria and Yui had a foursome, uncensored",
フォロワー数増やしたい女は大体セックスできる。,
Japanese babe has a threesome in the teacher's lounge!,
BadMilfs - Asian Mom and Stepdaughter share white cock,
Creampied In Both Holes After Akari Asagiri´s Threesome,
"Real passionate sex of a beautiful couple in kitchen, cumshot inside",
Two Couples Fuck together on the bed,
FULL SCENE!! Korean WebCam Amateur Hottie Honey Moon Gets Smashed in Venice! x Jay Bank Presents,
Asian girl inpijama unicorn got cum in her mouth,
Skinny Pretty Chinese Maid Loves Gentle Fuck,
Nursing Assistant In Back Pants,
(p2) PINAY SEX SCANDAL ANG GF ni insan na maputi at napakalibog,
Bribed By My Friends Hot stepmom Joslyn Jane,
"Japanese girl, in China dress ,public bukkake...Hentai",
Chinese Asian June Liu Creampie - SpicyGum Fucks American Guy in Paris x Jay Bank Presents,
東北某大學英語老師 李然然自拍流出 極品尤物黑絲高跟後入 沙發女上位搖晃啪啪,
Early morning ride with a horny Nepali guy - share me your fantasy in the comments,
Nepali Girl playing with herself- SluttyNepali wait for part 2 - where I get fucked in both holes,
"Japanese secretary, Aihara Miho needs sex, uncensored",
मलाई चिक्ने हो? Nepali Girl touching herself - SluttyNepali,
Japanese fuck in the train,
Step sister washed a member and fucked him - Amateur with sister. POV 4K,
3SOME Fucking two asian girls playing PS4 (Andy Savage),
Public beach sex with teen asain American,
Latika Jha - LJ_001 - Naughty Amateur Indian Fucking a Tinder Guy / HOT,
HardX - Vina Sky Squirts While Getting Pounded,
"MILF washes in the shower, before sex. HD",
ДРУГ ТРАХАЕТ СВОДНУЮ СЕСТРУ,
Asian college girl takes a study break,
JKのパンツの香りを楽しみながら手コキとフェラで大量射精しました,
Two Asian Stepsisters Learn To Share More Than A Bed,
FULL SCENE! ANAL4K Japanese Vina Sky Enjoys Multiple Leaking Creampies,
Horny Asian Amateur Teen RAE LIL BLACK Used Like A Fucktoy,
Hotwife,
Azur lane Takao Cosplay race queen costume with shiny black pantyhose cum for three times,
busty asian college chick fucked til she cums,
Huge cumshot compilation - So much cum! What does he eat?,
A bitch from China is fucking with her step-brother. Pov,
ASIAN TEEN FUCKED AND SWOLLOWING CUM,
"Japanese honey, Tomoyo Isumi rides dick, uncensored",
Inseminate Me - Meana Wolf,
Schoolgirl fucked and creampied standing against the window in empty classroom,
Horny Nepali Girl riding - SluttyNepali fucks,
Japanese Lips and Cock Vol 49,
"Japanese gals, Maria and Yui had a foursome, uncensored",
フォロワー数増やしたい女は大体セックスできる。,
Japanese babe has a threesome in the teacher's lounge!,
BadMilfs - Asian Mom and Stepdaughter share white cock,
Creampied In Both Holes After Akari Asagiri´s Threesome,
"Real passionate sex of a beautiful couple in kitchen, cumshot inside",
Two Couples Fuck together on the bed,
FULL SCENE!! Korean WebCam Amateur Hottie Honey Moon Gets Smashed in Venice! x Jay Bank Presents,
Asian girl inpijama unicorn got cum in her mouth,
Skinny Pretty Chinese Maid Loves Gentle Fuck,
Nursing Assistant In Back Pants,
(p2) PINAY SEX SCANDAL ANG GF ni insan na maputi at napakalibog,
Bribed By My Friends Hot stepmom Joslyn Jane,
"Japanese girl, in China dress ,public bukkake...Hentai",
Chinese Asian June Liu Creampie - SpicyGum Fucks American Guy in Paris x Jay Bank Presents,
東北某大學英語老師 李然然自拍流出 極品尤物黑絲高跟後入 沙發女上位搖晃啪啪,
Early morning ride with a horny Nepali guy - share me your fantasy in the comments,
Nepali Girl playing with herself- SluttyNepali wait for part 2 - where I get fucked in both holes,
"Japanese secretary, Aihara Miho needs sex, uncensored",
मलाई चिक्ने हो? Nepali Girl touching herself - SluttyNepali,
Japanese fuck in the train,
Step sister washed a member and fucked him - Amateur with sister. POV 4K,
3SOME Fucking two asian girls playing PS4 (Andy Savage),