title_name,
"Step Bro ""I didn't mean to do that, I was grabbing the headphones and her tits got in the way""",
"Step Sis ""Oh my god, are you guys fucking right now?!"" S16:E1",
She Loves to get Used - NO MERCY for her Pussy - BLEACHED RAW - Ep III,
Peta Jensen - I love My Step Sister's Big Tits,
Lifted and Blowjobbed - Cherry Kiss is just WILD,
Kenzie Reeves Gets Her Tiny Pussy Stretched And Creampied By Monster Cock,
Super Hot Stepom Savana Styles Gives Sex Lessons To Her Shy Stepson,
Cute Flash Their Tits To Play My Arcade Games,
Cheater Step-Mom Gets Fucked While On The Phone,
romantic sex in the bed with beautiful girl with big tits,
FACE FUCK to FACE RIDING MAKES HER SQUIRT on the couch | JuicyFeelings,
Horny College Slut with Big Ass rides and uses cock for a Creampie!,
Curvy Coed Has A Thirst For Big Cock!,
DaughterSwap - Horny Plowed by Step-Dad's,
DaughterSwap - Horny Latina (Demi Sutra) (Julz Gotti) Having an Orgy,
"Step Sis ""What the hell! Why Do you have a boner!?"" S17:E1",
Teacher Uses Your Cock For Pleasure 4k,
Lovely Brunette Babe Lana Rhoades Wraps Her Thirsty Lips Around Step-Bro's Dick,
My lucky virgin date wanna knows how is cum inside a tight pussy like mine,
"bet he has a hard on for me"" S1:E2",
Dominating my sexy step mom,
Naughty Daughter Nicole Bexley Pleases Stepdad Cause Mommy Won't.,
College Girl Fucked In Her Dorm By 2 Guys - BLEACHED RAW - Ep II,
HOTTEST CUM MOUTH COMPILATION - Try Not Cum (no music) 4K,
Morning sex with two beauties with creampie!,
POVD Land Lord Blows Creamy Load Deep Inside Broke Tenant,
Our Tinder's First Date Ended Up With Hot Public Car Sex - Big Ass Teen,
Stuck With My Curvy Business Associate Kiara Edwards,
Bored Little Step Sister Caught Masturbating - Alexa Grace,
The floor is squirt !,
HOLED Goal Driven Step Bro Drills Step Sisters Tight Asshole,
Teen Step Daugher Dillion Harper Loses at Poker But Wins Her Step Dad's Hard Cock,
"Step Bro ""I didn't mean to do that, I was grabbing the headphones and her tits got in the way""",
"Step Sis ""Oh my god, are you guys fucking right now?!"" S16:E1",
She Loves to get Used - NO MERCY for her Pussy - BLEACHED RAW - Ep III,
Peta Jensen - I love My Step Sister's Big Tits,
Lifted and Blowjobbed - Cherry Kiss is just WILD,
Kenzie Reeves Gets Her Tiny Pussy Stretched And Creampied By Monster Cock,
Super Hot Stepom Savana Styles Gives Sex Lessons To Her Shy Stepson,
Cute Flash Their Tits To Play My Arcade Games,
Cheater Step-Mom Gets Fucked While On The Phone,
romantic sex in the bed with beautiful girl with big tits,
FACE FUCK to FACE RIDING MAKES HER SQUIRT on the couch | JuicyFeelings,
Horny College Slut with Big Ass rides and uses cock for a Creampie!,
Curvy Coed Has A Thirst For Big Cock!,
DaughterSwap - Horny Plowed by Step-Dad's,
DaughterSwap - Horny Latina (Demi Sutra) (Julz Gotti) Having an Orgy,
"Step Sis ""What the hell! Why Do you have a boner!?"" S17:E1",
Teacher Uses Your Cock For Pleasure 4k,
Lovely Brunette Babe Lana Rhoades Wraps Her Thirsty Lips Around Step-Bro's Dick,
My lucky virgin date wanna knows how is cum inside a tight pussy like mine,
"bet he has a hard on for me"" S1:E2",
Dominating my sexy step mom,
Naughty Daughter Nicole Bexley Pleases Stepdad Cause Mommy Won't.,
College Girl Fucked In Her Dorm By 2 Guys - BLEACHED RAW - Ep II,
HOTTEST CUM MOUTH COMPILATION - Try Not Cum (no music) 4K,
Morning sex with two beauties with creampie!,
POVD Land Lord Blows Creamy Load Deep Inside Broke Tenant,
Our Tinder's First Date Ended Up With Hot Public Car Sex - Big Ass Teen,
Stuck With My Curvy Business Associate Kiara Edwards,
Bored Little Step Sister Caught Masturbating - Alexa Grace,
The floor is squirt !,
HOLED Goal Driven Step Bro Drills Step Sisters Tight Asshole,
Teen Step Daugher Dillion Harper Loses at Poker But Wins Her Step Dad's Hard Cock,
BLACKED Hubby doesn't know she's getting DP'd on vacation,
Hot Blonde Stepsisters Emma Hix And Alexa Grace Have Threesome With Lucky Stepbrother,
"Step Brother ""Whenever my and stepmom were around she always acted so innocent"" S15:E4",
Hot Athletic Woman Tricks Neighbor Into Fucking Her POV,
FREAKY CHEATING Neighbor Made Me CreamPie Her!!!,
Naive Rich Girl From The Hills Takes A Deep Creampie NetVideoGirls,
STEP MOM JOI/CREAMPIE,
beauty bouncing on his dick,
Tiny Bambi Brooks Gets Easter Stuffing,
"Step Sis ""I need you to make sure my mailbox is the right size"" S5:E3",
BANGBROS - Curvy PAWG Angell Summers Interracial DP With Rico Strong & Wesley Pipes,
I FUCK MY TEEN STEP DAUGHTER HANNAH HAYS - I CANT RESIST HER - PART 2,
Wild 4-way Tap out Oil sexfight,
GIRLCUM Numerous Intense Creamy Orgasms For Tight Asian Pussy,
"Making Love, Sucking Cock, Eating Cum, & Nursing My Man",
Deeper. She's Taught a Kinky Lesson,
LETSDOEIT - BEST OF RUSSIAN PORNSTARS COMPILATION! Hot Hardcore Fucking,
My First Sex Tape! TA fucking college freshman rough.,
Milf wants to get gangbang for the first time takes 8 dicks,
Hot MILF Stepmom Stuck And Fucked Under Table By Stepson,
"Two girls sneak into my apartment to fuck eachother, I surprise them and join in on this MFF 3way",
He destroys her in a sexfight and humiliate her - cum in her mouth,
Last Week On BANGBROS: 10/03/2020 - 10/09/2020,
Naughty Stepdaughter Peyton Robbie Switched Stepdaddys Pills,
"Step Sis ""Maybe we could take a picture of me sucking your dick, it will make my boyfriend crazy""",
friend watches her get fucked hard doggie style while on the phone with her boyfriend,
Squirting through my yoga pants,
Big butt latina gets her pussy tear apart!!!,
Hubby Watching his Asian Hotwife Kalina Ryu Fuck His Friend,
EBONY BABE SARAH BANKS SCREAMS IN PLEASURE CAUSED BY ROUGH ANAL SEX,
Teenage Cheerleader Lesbian Threesome!,
What Girls Really Do At Home Alone - Female POV,
HotwifeXXX - Tiny Tit Blonde Wife Fucks Friend In Front Of Husband,
Naughty Easter Bunnies Stack Up Their Asses To Get Fucked,
Shared Swinger Hotwife Cadence Lux Fucked Rough and Squirt,
BLACKED RAW - These two wives needed more than the usual monthly BBC,
LETSDOEIT. - Sexy Yoga Instructor Gets All Kinky On Her Student's Big Cock,
FITNESS MODEL AIDRA FOX TAKES IT UP THE ASS LIKE A GOOD LITTLE ANAL WHORE,
Teeny Lovers - Evelina Darling - Big oiled cock brings pleasure,
EBONY BABE ANA FOXXX CELEBRATES HER BIRTHDAY WITH AN ANAL GROUP SEX PARTY,
DigitalPlayground - Buxom Babe Angela White Shares Huge Cock With Gianna Dior In a FFM Threesome,
Big Booty Step Sis Eliza Ibarra Tricked Into Fucking Step Bro On Easter,
ScamAngels - Ember Snow And Jade Kush Petite Asian Sluts Ride A Huge Cock Outdoors,
True Amateur - Natural Chick Lindsey Loves Getting Her Shaved Pussy Eaten And Treated Good,
BLACKED Hubby doesn't know she's getting DP'd on vacation,
Hot Blonde Stepsisters Emma Hix And Alexa Grace Have Threesome With Lucky Stepbrother,
"Step Brother ""Whenever my and stepmom were around she always acted so innocent"" S15:E4",
Hot Athletic Woman Tricks Neighbor Into Fucking Her POV,
FREAKY CHEATING Neighbor Made Me CreamPie Her!!!,
Naive Rich Girl From The Hills Takes A Deep Creampie NetVideoGirls,
STEP MOM JOI/CREAMPIE,
beauty bouncing on his dick,
Tiny Bambi Brooks Gets Easter Stuffing,
"Step Sis ""I need you to make sure my mailbox is the right size"" S5:E3",
BANGBROS - Curvy PAWG Angell Summers Interracial DP With Rico Strong & Wesley Pipes,
I FUCK MY TEEN STEP DAUGHTER HANNAH HAYS - I CANT RESIST HER - PART 2,
Wild 4-way Tap out Oil sexfight,
GIRLCUM Numerous Intense Creamy Orgasms For Tight Asian Pussy,
"Making Love, Sucking Cock, Eating Cum, & Nursing My Man",
Deeper. She's Taught a Kinky Lesson,
LETSDOEIT - BEST OF RUSSIAN PORNSTARS COMPILATION! Hot Hardcore Fucking,
My First Sex Tape! TA fucking college freshman rough.,
Milf wants to get gangbang for the first time takes 8 dicks,
Hot MILF Stepmom Stuck And Fucked Under Table By Stepson,
"Two girls sneak into my apartment to fuck eachother, I surprise them and join in on this MFF 3way",
He destroys her in a sexfight and humiliate her - cum in her mouth,
Last Week On BANGBROS: 10/03/2020 - 10/09/2020,
Naughty Stepdaughter Peyton Robbie Switched Stepdaddys Pills,
"Step Sis ""Maybe we could take a picture of me sucking your dick, it will make my boyfriend crazy""",
friend watches her get fucked hard doggie style while on the phone with her boyfriend,
Squirting through my yoga pants,
Big butt latina gets her pussy tear apart!!!,
Hubby Watching his Asian Hotwife Kalina Ryu Fuck His Friend,
EBONY BABE SARAH BANKS SCREAMS IN PLEASURE CAUSED BY ROUGH ANAL SEX,
Teenage Cheerleader Lesbian Threesome!,
What Girls Really Do At Home Alone - Female POV,
HotwifeXXX - Tiny Tit Blonde Wife Fucks Friend In Front Of Husband,
Naughty Easter Bunnies Stack Up Their Asses To Get Fucked,
Shared Swinger Hotwife Cadence Lux Fucked Rough and Squirt,
BLACKED RAW - These two wives needed more than the usual monthly BBC,
LETSDOEIT. - Sexy Yoga Instructor Gets All Kinky On Her Student's Big Cock,
FITNESS MODEL AIDRA FOX TAKES IT UP THE ASS LIKE A GOOD LITTLE ANAL WHORE,
Teeny Lovers - Evelina Darling - Big oiled cock brings pleasure,
EBONY BABE ANA FOXXX CELEBRATES HER BIRTHDAY WITH AN ANAL GROUP SEX PARTY,
DigitalPlayground - Buxom Babe Angela White Shares Huge Cock With Gianna Dior In a FFM Threesome,
Big Booty Step Sis Eliza Ibarra Tricked Into Fucking Step Bro On Easter,
ScamAngels - Ember Snow And Jade Kush Petite Asian Sluts Ride A Huge Cock Outdoors,
True Amateur - Natural Chick Lindsey Loves Getting Her Shaved Pussy Eaten And Treated Good,
BLACKED Hubby doesn't know she's getting DP'd on vacation,
Hot Blonde Stepsisters Emma Hix And Alexa Grace Have Threesome With Lucky Stepbrother,
"Step Brother ""Whenever my and stepmom were around she always acted so innocent"" S15:E4",
Hot Athletic Woman Tricks Neighbor Into Fucking Her POV,
FREAKY CHEATING Neighbor Made Me CreamPie Her!!!,
Naive Rich Girl From The Hills Takes A Deep Creampie NetVideoGirls,
STEP MOM JOI/CREAMPIE,
beauty bouncing on his dick,
Tiny Bambi Brooks Gets Easter Stuffing,
"Step Sis ""I need you to make sure my mailbox is the right size"" S5:E3",
BANGBROS - Curvy PAWG Angell Summers Interracial DP With Rico Strong & Wesley Pipes,
I FUCK MY TEEN STEP DAUGHTER HANNAH HAYS - I CANT RESIST HER - PART 2,
Wild 4-way Tap out Oil sexfight,
GIRLCUM Numerous Intense Creamy Orgasms For Tight Asian Pussy,
"Making Love, Sucking Cock, Eating Cum, & Nursing My Man",
Deeper. She's Taught a Kinky Lesson,
LETSDOEIT - BEST OF RUSSIAN PORNSTARS COMPILATION! Hot Hardcore Fucking,
My First Sex Tape! TA fucking college freshman rough.,
Milf wants to get gangbang for the first time takes 8 dicks,
Hot MILF Stepmom Stuck And Fucked Under Table By Stepson,
"Two girls sneak into my apartment to fuck eachother, I surprise them and join in on this MFF 3way",
He destroys her in a sexfight and humiliate her - cum in her mouth,
Last Week On BANGBROS: 10/03/2020 - 10/09/2020,
Naughty Stepdaughter Peyton Robbie Switched Stepdaddys Pills,
"Step Sis ""Maybe we could take a picture of me sucking your dick, it will make my boyfriend crazy""",
friend watches her get fucked hard doggie style while on the phone with her boyfriend,
Squirting through my yoga pants,
Teenage Cheerleader Lesbian Threesome!,
Big butt latina gets her pussy tear apart!!!,
Hubby Watching his Asian Hotwife Kalina Ryu Fuck His Friend,
EBONY BABE SARAH BANKS SCREAMS IN PLEASURE CAUSED BY ROUGH ANAL SEX,
What Girls Really Do At Home Alone - Female POV,
HotwifeXXX - Tiny Tit Blonde Wife Fucks Friend In Front Of Husband,
Naughty Easter Bunnies Stack Up Their Asses To Get Fucked,
Shared Swinger Hotwife Cadence Lux Fucked Rough and Squirt,
BLACKED RAW - These two wives needed more than the usual monthly BBC,
LETSDOEIT. - Sexy Yoga Instructor Gets All Kinky On Her Student's Big Cock,
FITNESS MODEL AIDRA FOX TAKES IT UP THE ASS LIKE A GOOD LITTLE ANAL WHORE,
Teeny Lovers - Evelina Darling - Big oiled cock brings pleasure,
EBONY BABE ANA FOXXX CELEBRATES HER BIRTHDAY WITH AN ANAL GROUP SEX PARTY,
DigitalPlayground - Buxom Babe Angela White Shares Huge Cock With Gianna Dior In a FFM Threesome,
Big Booty Step Sis Eliza Ibarra Tricked Into Fucking Step Bro On Easter,
ScamAngels - Ember Snow And Jade Kush Petite Asian Sluts Ride A Huge Cock Outdoors,
True Amateur - Natural Chick Lindsey Loves Getting Her Shaved Pussy Eaten And Treated Good,
BLACKED Hubby doesn't know she's getting DP'd on vacation,
Hot Blonde Stepsisters Emma Hix And Alexa Grace Have Threesome With Lucky Stepbrother,
"Step Brother ""Whenever my and stepmom were around she always acted so innocent"" S15:E4",
Hot Athletic Woman Tricks Neighbor Into Fucking Her POV,
FREAKY CHEATING Neighbor Made Me CreamPie Her!!!,
Naive Rich Girl From The Hills Takes A Deep Creampie NetVideoGirls,
STEP MOM JOI/CREAMPIE,
beauty bouncing on his dick,
Tiny Bambi Brooks Gets Easter Stuffing,
"Step Sis ""I need you to make sure my mailbox is the right size"" S5:E3",
BANGBROS - Curvy PAWG Angell Summers Interracial DP With Rico Strong & Wesley Pipes,
I FUCK MY TEEN STEP DAUGHTER HANNAH HAYS - I CANT RESIST HER - PART 2,
Wild 4-way Tap out Oil sexfight,
GIRLCUM Numerous Intense Creamy Orgasms For Tight Asian Pussy,
"Making Love, Sucking Cock, Eating Cum, & Nursing My Man",
Deeper. She's Taught a Kinky Lesson,
LETSDOEIT - BEST OF RUSSIAN PORNSTARS COMPILATION! Hot Hardcore Fucking,
My First Sex Tape! TA fucking college freshman rough.,
Milf wants to get gangbang for the first time takes 8 dicks,
Hot MILF Stepmom Stuck And Fucked Under Table By Stepson,
"Two girls sneak into my apartment to fuck eachother, I surprise them and join in on this MFF 3way",
He destroys her in a sexfight and humiliate her - cum in her mouth,
Last Week On BANGBROS: 10/03/2020 - 10/09/2020,
Naughty Stepdaughter Peyton Robbie Switched Stepdaddys Pills,
"Step Sis ""Maybe we could take a picture of me sucking your dick, it will make my boyfriend crazy""",
friend watches her get fucked hard doggie style while on the phone with her boyfriend,
Squirting through my yoga pants,
Teenage Cheerleader Lesbian Threesome!,
Big butt latina gets her pussy tear apart!!!,
Hubby Watching his Asian Hotwife Kalina Ryu Fuck His Friend,
EBONY BABE SARAH BANKS SCREAMS IN PLEASURE CAUSED BY ROUGH ANAL SEX,
What Girls Really Do At Home Alone - Female POV,
HotwifeXXX - Tiny Tit Blonde Wife Fucks Friend In Front Of Husband,
Naughty Easter Bunnies Stack Up Their Asses To Get Fucked,
Shared Swinger Hotwife Cadence Lux Fucked Rough and Squirt,
BLACKED RAW - These two wives needed more than the usual monthly BBC,
LETSDOEIT. - Sexy Yoga Instructor Gets All Kinky On Her Student's Big Cock,
FITNESS MODEL AIDRA FOX TAKES IT UP THE ASS LIKE A GOOD LITTLE ANAL WHORE,
Teeny Lovers - Evelina Darling - Big oiled cock brings pleasure,
EBONY BABE ANA FOXXX CELEBRATES HER BIRTHDAY WITH AN ANAL GROUP SEX PARTY,
DigitalPlayground - Buxom Babe Angela White Shares Huge Cock With Gianna Dior In a FFM Threesome,
Big Booty Step Sis Eliza Ibarra Tricked Into Fucking Step Bro On Easter,
ScamAngels - Ember Snow And Jade Kush Petite Asian Sluts Ride A Huge Cock Outdoors,
True Amateur - Natural Chick Lindsey Loves Getting Her Shaved Pussy Eaten And Treated Good,